,ID,commonName,lat,lon
0,BikePoints_1,"River Street , Clerkenwell",51.529163,-0.10997
1,BikePoints_2,"Phillimore Gardens, Kensington",51.499606,-0.197574
2,BikePoints_3,"Christopher Street, Liverpool Street",51.521283,-0.084605
3,BikePoints_4,"St. Chad's Street, King's Cross",51.530059,-0.120973
4,BikePoints_5,"Sedding Street, Sloane Square",51.49313,-0.156876
5,BikePoints_6,"Broadcasting House, Marylebone",51.518117,-0.144228
6,BikePoints_7,"Charlbert Street, St. John's Wood",51.5343,-0.168074
7,BikePoints_8,"Maida Vale, Maida Vale",51.529857,-0.183486
8,BikePoints_9,"New Globe Walk, Bankside",51.507385,-0.09644
9,BikePoints_10,"Park Street, Bankside",51.505974,-0.092754
10,BikePoints_11,"Brunswick Square, Bloomsbury",51.523951,-0.122502
11,BikePoints_12,"Malet Street, Bloomsbury",51.52168,-0.130431
12,BikePoints_13,"Scala Street, Fitzrovia",51.519914,-0.136039
13,BikePoints_14,"Argyle Street, Kings Cross",51.529416,-0.123944
14,BikePoints_15,"Great Russell Street, Bloomsbury",51.517727,-0.127854
15,BikePoints_16,"Cartwright Gardens , Bloomsbury",51.526357,-0.125979
16,BikePoints_17,"Hatton Wall, Holborn",51.521661,-0.109006
17,BikePoints_18,"Drury Lane, Covent Garden",51.51477,-0.122219
18,BikePoints_19,"Taviton Street, Bloomsbury",51.52505,-0.131161
19,BikePoints_20,"Drummond Street , Euston",51.527326,-0.136052
20,BikePoints_21,"Lansdowne Drive, Hackney Central",51.539834,-0.062806
21,BikePoints_22,"Northington Street , Holborn",51.522264,-0.114079
22,BikePoints_23,"Red Lion Square, Holborn",51.519435,-0.119123
23,BikePoints_24,"British Museum, Bloomsbury",51.51908,-0.124678
24,BikePoints_25,"Doric Way , Somers Town",51.528833,-0.13225
25,BikePoints_26,"Ampton Street , Clerkenwell",51.52728,-0.118295
26,BikePoints_28,"Bolsover Street, Fitzrovia",51.523518,-0.143613
27,BikePoints_29,"Hereford Road, Bayswater",51.513735,-0.193487
28,BikePoints_30,"Windsor Terrace, Hoxton",51.529154,-0.093421
29,BikePoints_31,"Fanshaw Street, Hoxton",51.529537,-0.083353
30,BikePoints_33,"Central House, Aldgate",51.515231,-0.07015
31,BikePoints_34,"Pancras Road, King's Cross",51.534123,-0.129386
32,BikePoints_36,"De Vere Gardens, Kensington",51.501737,-0.18498
33,BikePoints_37,"Penywern Road, Earl's Court",51.491593,-0.192369
34,BikePoints_38,"Abingdon Villas, Kensington",51.497387,-0.197245
35,BikePoints_39,"Shoreditch High Street, Shoreditch",51.526377,-0.07813
36,BikePoints_40,"Commercial Street, Shoreditch",51.52127,-0.075578
37,BikePoints_41,"Pindar Street, Liverpool Street",51.520955,-0.083493
38,BikePoints_42,"Wenlock Road , Hoxton",51.530991,-0.093903
39,BikePoints_43,"Crawford Street, Marylebone",51.52026,-0.157183
40,BikePoints_44,"Bruton Street, Mayfair",51.510736,-0.144165
41,BikePoints_45,"Boston Place, Marylebone",51.522511,-0.162298
42,BikePoints_46,"Nesham Street, Wapping",51.507131,-0.06691
43,BikePoints_47,"Warwick Avenue Station, Maida Vale",51.523344,-0.183846
44,BikePoints_48,"Godliman Street, St. Paul's",51.512484,-0.099141
45,BikePoints_49,"Curzon Street, Mayfair",51.507069,-0.145904
46,BikePoints_50,"East Road, Hoxton",51.528673,-0.087459
47,BikePoints_51,"Finsbury Library , Finsbury",51.526717,-0.104298
48,BikePoints_52,"Roscoe Street, St. Luke's",51.522954,-0.094934
49,BikePoints_53,"Grafton Street, Mayfair",51.509992,-0.143495
50,BikePoints_54,"Golden Lane, Barbican",51.521747,-0.094475
51,BikePoints_55,"Finsbury Circus, Liverpool Street",51.517075,-0.086685
52,BikePoints_56,"Paddington Street, Marylebone",51.520583,-0.154701
53,BikePoints_57,"Guilford Street , Bloomsbury",51.523346,-0.120202
54,BikePoints_58,"New Inn Yard, Shoreditch",51.524526,-0.079248
55,BikePoints_60,"Lisson Grove, St. John's Wood",51.526448,-0.17219
56,BikePoints_61,"Great Dover Street, The Borough",51.497382,-0.089446
57,BikePoints_62,"Cotton Garden Estate, Kennington",51.490757,-0.106323
58,BikePoints_63,"Murray Grove , Hoxton",51.53089,-0.089782
59,BikePoints_64,"William IV Street, Strand",51.509462,-0.124749
60,BikePoints_65,"Gower Place , Euston",51.525227,-0.135188
61,BikePoints_66,"Holborn Circus, Holborn",51.51795,-0.108657
62,BikePoints_67,"Hatton Garden, Holborn",51.518825,-0.108028
63,BikePoints_68,"Theobald's Road , Holborn",51.520596,-0.116688
64,BikePoints_69,"Euston Road, Euston",51.526236,-0.134407
65,BikePoints_70,"Calshot Street , King's Cross",51.53136,-0.117069
66,BikePoints_72,"Farringdon Lane, Clerkenwell",51.52352,-0.10834
67,BikePoints_73,"Old Street Station, St. Luke's",51.525615,-0.088532
68,BikePoints_74,"Vauxhall Cross, Vauxhall",51.485917,-0.124469
69,BikePoints_76,"Longford Street, The Regent's Park",51.525595,-0.144083
70,BikePoints_77,"Russell Square Station, Bloomsbury",51.523418,-0.124121
71,BikePoints_78,"Sadlers Sports Centre, Finsbury",51.524868,-0.099489
72,BikePoints_80,"Webber Street , Southwark",51.500693,-0.102091
73,BikePoints_81,"Great Titchfield Street, Fitzrovia",51.520253,-0.141327
74,BikePoints_83,"Panton Street, West End",51.509639,-0.13151
75,BikePoints_84,"Breams Buildings, Holborn",51.515937,-0.111778
76,BikePoints_85,"Tanner Street, Bermondsey",51.500647,-0.0786
77,BikePoints_86,"Sancroft Street, Vauxhall",51.489479,-0.115156
78,BikePoints_89,"Tavistock Place, Bloomsbury",51.52625,-0.123509
79,BikePoints_90,"Harrington Square 1, Camden Town",51.533019,-0.139174
80,BikePoints_91,"Walnut Tree Walk, Vauxhall",51.493686,-0.111014
81,BikePoints_92,"Borough Road, Elephant & Castle",51.498898,-0.10044
82,BikePoints_93,"Cloudesley Road, Angel",51.534408,-0.109025
83,BikePoints_94,"Bricklayers Arms, Borough",51.495061,-0.085814
84,BikePoints_95,"Aldersgate Street, Barbican",51.520841,-0.09734
85,BikePoints_96,"Falkirk Street, Hoxton",51.53095,-0.078505
86,BikePoints_97,"Gloucester Road (North), Kensington",51.497924,-0.183834
87,BikePoints_98,"Hampstead Road, Euston",51.525542,-0.138231
88,BikePoints_99,"Old Quebec Street, Marylebone",51.514577,-0.158264
89,BikePoints_100,"Albert Embankment, Vauxhall",51.490435,-0.122806
90,BikePoints_101,"Queen Street 1, Bank",51.511553,-0.09294
91,BikePoints_102,"Jewry Street, Aldgate",51.513406,-0.076793
92,BikePoints_103,"Vicarage Gate, Kensington",51.504723,-0.192538
93,BikePoints_104,"Crosswall, Tower",51.511594,-0.077121
94,BikePoints_105,"Westbourne Grove, Bayswater",51.515529,-0.19024
95,BikePoints_106,"Woodstock Street, Mayfair",51.514105,-0.147301
96,BikePoints_107,"Finsbury Leisure Centre, St. Luke's",51.526008,-0.096317
97,BikePoints_109,"Soho Square , Soho",51.515631,-0.132328
98,BikePoints_110,"Wellington Road, St. John's Wood",51.533043,-0.172528
99,BikePoints_111,"Park Lane , Hyde Park",51.510017,-0.157275
100,BikePoints_113,"Gloucester Road (Central), South Kensington",51.496462,-0.183289
101,BikePoints_114,"Park Road (Baker Street), The Regent's Park",51.524517,-0.158963
102,BikePoints_115,"Braham Street, Aldgate",51.514233,-0.073537
103,BikePoints_116,"Little Argyll Street, West End",51.514499,-0.141423
104,BikePoints_117,"Lollard Street, Vauxhall",51.49288,-0.114934
105,BikePoints_118,"Rochester Row, Westminster",51.495827,-0.135478
106,BikePoints_119,"Bath Street, St. Luke's",51.525893,-0.090847
107,BikePoints_120,"The Guildhall, Guildhall",51.515735,-0.09308
108,BikePoints_121,"Baker Street, Marylebone",51.518913,-0.156166
109,BikePoints_122,"Norton Folgate, Liverpool Street",51.521113,-0.078869
110,BikePoints_123,"St. John Street, Finsbury",51.52836,-0.104724
111,BikePoints_125,"Borough High Street, The Borough",51.500694,-0.094524
112,BikePoints_126,"Museum of London, Barbican",51.517821,-0.096496
113,BikePoints_127,"Wood Street, Guildhall",51.517008,-0.093885
114,BikePoints_128,"Emperor's Gate, South Kensington",51.495362,-0.185296
115,BikePoints_129,"Golden Square, Soho",51.511897,-0.137043
116,BikePoints_130,"Tower Gardens , Tower",51.509506,-0.075459
117,BikePoints_131,"Eversholt Street , Camden Town",51.533005,-0.136792
118,BikePoints_132,"Bethnal Green Road, Shoreditch",51.523648,-0.074754
119,BikePoints_133,"Derry Street, Kensington",51.501364,-0.191462
120,BikePoints_134,"Wapping High Street, Wapping",51.504904,-0.06797
121,BikePoints_135,"Clerkenwell Green, Clerkenwell",51.52326,-0.104708
122,BikePoints_136,"Queen Victoria Street, St. Paul's",51.511961,-0.097441
123,BikePoints_138,"Green Street, Mayfair",51.512276,-0.157436
124,BikePoints_139,"Lambeth Road, Vauxhall",51.494881,-0.117974
125,BikePoints_140,"Finsbury Square , Moorgate",51.520962,-0.085634
126,BikePoints_141,"Chapel Place, Marylebone",51.515308,-0.147203
127,BikePoints_142,"West Cromwell Road, Earl's Court",51.493724,-0.198286
128,BikePoints_143,"Pont Street, Knightsbridge",51.496886,-0.161203
129,BikePoints_144,"Kennington Cross, Kennington",51.48894,-0.111435
130,BikePoints_145,"Ilchester Place, Kensington",51.500743,-0.202759
131,BikePoints_146,"Vauxhall Bridge , Pimlico",51.488365,-0.129361
132,BikePoints_147,"Portugal Street, Holborn",51.514943,-0.116146
133,BikePoints_148,"Tachbrook Street, Victoria",51.492111,-0.138364
134,BikePoints_149,"Kennington Road Post Office, Oval",51.484788,-0.110683
135,BikePoints_150,"Holy Trinity Brompton, Knightsbridge",51.497056,-0.168917
136,BikePoints_151,"Chepstow Villas, Notting Hill",51.512136,-0.201554
137,BikePoints_152,"Hampton Street, Walworth",51.49217,-0.101536
138,BikePoints_153,"Bayswater Road, Hyde Park",51.511933,-0.174411
139,BikePoints_155,"Lexham Gardens, Kensington",51.495866,-0.191933
140,BikePoints_156,"New Kent Road, The Borough",51.494436,-0.092921
141,BikePoints_157,"Wright's Lane, Kensington",51.500397,-0.193068
142,BikePoints_158,"Trebovir Road, Earl's Court",51.490853,-0.19617
143,BikePoints_160,"Waterloo Place, St. James's",51.506633,-0.131773
144,BikePoints_161,"Guildhouse Street, Victoria",51.492345,-0.141334
145,BikePoints_162,"Southampton Place, Holborn",51.517606,-0.121328
146,BikePoints_163,"Sloane Avenue, Knightsbridge",51.493184,-0.167894
147,BikePoints_164,"Cleveland Gardens, Bayswater",51.515607,-0.183118
148,BikePoints_165,"Orsett Terrace, Bayswater",51.517932,-0.183716
149,BikePoints_166,"Seville Street, Knightsbridge",51.501855,-0.159237
150,BikePoints_167,"Eccleston Place, Victoria",51.49395,-0.147624
151,BikePoints_168,"Argyll Road, Kensington",51.500401,-0.195455
152,BikePoints_169,"Porchester Place, Paddington",51.514746,-0.165164
153,BikePoints_170,"Hardwick Street, Clerkenwell",51.527842,-0.108068
154,BikePoints_171,"Collingham Gardens, Earl's Court",51.491615,-0.186753
155,BikePoints_172,"Sumner Place, South Kensington",51.491211,-0.173715
156,BikePoints_175,"Worship Street, Shoreditch",51.521668,-0.079608
157,BikePoints_176,"Gloucester Terrace, Bayswater",51.517919,-0.188098
158,BikePoints_177,"Ashley Place, Victoria",51.49616,-0.140947
159,BikePoints_178,"Warwick Square, Pimlico",51.489856,-0.141923
160,BikePoints_180,"North Audley Street, Mayfair",51.512911,-0.153645
161,BikePoints_181,"Belgrave Square, Belgravia",51.499412,-0.152317
162,BikePoints_182,"Bell Street , Marylebone",51.522029,-0.165842
163,BikePoints_183,"Riverlight North, Nine Elms",51.482362,-0.136123
164,BikePoints_184,"Portland Place, Marylebone",51.520715,-0.145211
165,BikePoints_185,"Alderney Street, Pimlico",51.488057,-0.140741
166,BikePoints_186,"South Wharf Road, Paddington",51.517335,-0.17581
167,BikePoints_187,"Queen's Gate (South), South Kensington",51.492479,-0.178433
168,BikePoints_188,"Nutford Place, Marylebone",51.516517,-0.164393
169,BikePoints_189,"Claremont Square, Angel",51.531666,-0.109914
170,BikePoints_190,"Rampayne Street, Pimlico",51.489975,-0.132845
171,BikePoints_191,"Hyde Park Corner, Hyde Park",51.503117,-0.15352
172,BikePoints_192,"Wardour Street, Soho",51.512515,-0.133201
173,BikePoints_193,"Bankside Mix, Bankside",51.505817,-0.100186
174,BikePoints_194,"Hop Exchange, The Borough",51.504627,-0.091773
175,BikePoints_196,"Union Street, The Borough",51.503688,-0.098497
176,BikePoints_199,"Great Tower Street, Monument",51.510484,-0.082989
177,BikePoints_200,"LMU Commercial Road, Whitechapel",51.514924,-0.066078
178,BikePoints_201,"Dorset Square, Marylebone",51.522596,-0.161113
179,BikePoints_202,"Leman Street, Aldgate",51.512363,-0.069542
180,BikePoints_203,"West Smithfield Rotunda, Farringdon",51.518218,-0.100791
181,BikePoints_204,"Margery Street, Clerkenwell",51.526599,-0.112432
182,BikePoints_206,"New Road 1 , Whitechapel",51.518154,-0.062697
183,BikePoints_207,"Grosvenor Crescent, Belgravia",51.501352,-0.153194
184,BikePoints_208,"Mallory Street, Marylebone",51.525051,-0.166304
185,BikePoints_209,"Denyer Street, Knightsbridge",51.493583,-0.165101
186,BikePoints_210,"Hinde Street, Marylebone",51.516814,-0.151926
187,BikePoints_211,"Cadogan Place, Knightsbridge",51.494645,-0.158105
188,BikePoints_212,"Campden Hill Road, Notting Hill",51.506584,-0.199004
189,BikePoints_213,"Wellington Arch, Hyde Park",51.50274,-0.149569
190,BikePoints_214,"Endsleigh Gardens, Euston",51.526838,-0.130504
191,BikePoints_215,"Moorfields, Moorgate",51.519069,-0.088285
192,BikePoints_216,"Old Brompton Road, South Kensington",51.490945,-0.18119
193,BikePoints_217,"Wormwood Street, Liverpool Street",51.516154,-0.082422
194,BikePoints_218,"St. Luke's Church, Chelsea",51.489716,-0.170194
195,BikePoints_219,"Bramham Gardens, Earl's Court",51.490163,-0.190393
196,BikePoints_220,"Chelsea Green, Chelsea",51.490664,-0.166485
197,BikePoints_221,"Horseferry Road, Westminster",51.494816,-0.130458
198,BikePoints_222,"Knightsbridge, Hyde Park",51.502757,-0.155349
199,BikePoints_223,"Rodney Road , Walworth",51.491484,-0.09022
200,BikePoints_224,"Queensway, Kensington Gardens",51.51031,-0.187402
201,BikePoints_225,"Notting Hill Gate Station, Notting Hill",51.509353,-0.196422
202,BikePoints_226,"Charles II Street, West End",51.508446,-0.131961
203,BikePoints_227,"Great Percy Street, Clerkenwell",51.528915,-0.11548
204,BikePoints_228,"St. James's Square, St. James's",51.507424,-0.134621
205,BikePoints_230,"Poured Lines, Bankside",51.506692,-0.103137
206,BikePoints_231,"Queen's Gate (Central), South Kensington",51.493967,-0.178732
207,BikePoints_232,"Carey Street, Holborn",51.51501,-0.112753
208,BikePoints_233,"Pall Mall East, West End",51.50777,-0.130699
209,BikePoints_234,"Liverpool Road (N1 Centre), Angel",51.534504,-0.106992
210,BikePoints_235,"Kennington Road, Vauxhall",51.495718,-0.110889
211,BikePoints_236,"Fashion Street, Whitechapel",51.51838,-0.073438
212,BikePoints_237,"Dock Street, Wapping",51.509786,-0.068161
213,BikePoints_238,"Frampton Street, Paddington",51.523353,-0.175116
214,BikePoints_239,"Warren Street Station, Euston",51.524438,-0.138019
215,BikePoints_240,"Colombo Street, Southwark",51.505459,-0.105692
216,BikePoints_242,"Beaumont Street, Marylebone",51.522008,-0.151359
217,BikePoints_243,"Gloucester Street, Pimlico",51.490962,-0.139625
218,BikePoints_244,"Earnshaw Street , Covent Garden",51.516118,-0.128585
219,BikePoints_245,"Grosvenor Road, Pimlico",51.485357,-0.142207
220,BikePoints_246,"Berry Street, Clerkenwell",51.522853,-0.099994
221,BikePoints_247,"St. John's Wood Church, The Regent's Park",51.530529,-0.167515
222,BikePoints_248,"Triangle Car Park, Hyde Park",51.506451,-0.170279
223,BikePoints_249,"Harper Road, The Borough",51.498597,-0.096191
224,BikePoints_250,"Royal Avenue 1, Chelsea",51.489932,-0.162727
225,BikePoints_251,"Brushfield Street, Liverpool Street",51.518908,-0.079249
226,BikePoints_253,"Shoreditch Park, Hoxton",51.534042,-0.086379
227,BikePoints_254,"Chadwell Street, Angel",51.530515,-0.106408
228,BikePoints_255,"Clifton Road, Maida Vale",51.525575,-0.179592
229,BikePoints_256,"Houghton Street, Strand",51.51362,-0.116764
230,BikePoints_257,"Westminster University, Marylebone",51.522481,-0.154907
231,BikePoints_258,"Kensington Gore, Knightsbridge",51.501432,-0.178656
232,BikePoints_259,"Bourne Street, Belgravia",51.490959,-0.153233
233,BikePoints_260,"Broadwick Street, Soho",51.513684,-0.13558
234,BikePoints_261,"Princes Square, Bayswater",51.513489,-0.191351
235,BikePoints_262,"LSBU (Borough Road), Elephant & Castle",51.498744,-0.103132
236,BikePoints_263,"St. Mary Axe, Aldgate",51.514225,-0.08066
237,BikePoints_264,"Tysoe Street, Clerkenwell",51.526443,-0.109256
238,BikePoints_265,"Southwick Street, Paddington",51.515953,-0.169249
239,BikePoints_266,"Queen's Gate (North), Kensington",51.501026,-0.180246
240,BikePoints_267,"Regency Street, Westminster",51.49206,-0.132224
241,BikePoints_268,"Belgrave Road, Victoria",51.493204,-0.144132
242,BikePoints_269,"Empire Square, The Borough",51.500823,-0.08974
243,BikePoints_270,"Kennington Lane Rail Bridge, Vauxhall",51.486343,-0.122492
244,BikePoints_271,"London Zoo,  The Regent's Park",51.535836,-0.156285
245,BikePoints_274,"Warwick Road, Olympia",51.496712,-0.205284
246,BikePoints_275,"Barbican Centre, Barbican",51.520044,-0.092176
247,BikePoints_276,"Lower Thames Street, Monument",51.509301,-0.084985
248,BikePoints_277,"Kensington Church Street, Kensington",51.503157,-0.191496
249,BikePoints_278,"Tooley Street, Bermondsey",51.503493,-0.07962
250,BikePoints_279,"North Wharf Road, Paddington",51.518623,-0.176603
251,BikePoints_280,"Royal Avenue 2, Chelsea",51.490083,-0.162418
252,BikePoints_281,"Smith Square, Westminster",51.495805,-0.127575
253,BikePoints_282,"Royal London Hospital, Whitechapel",51.518675,-0.06111
254,BikePoints_283,"Kingsway, Covent Garden",51.514409,-0.118478
255,BikePoints_284,"Lambeth North Station, Waterloo",51.49914,-0.112031
256,BikePoints_286,"St. John's Wood Road, St. John's Wood",51.527294,-0.174653
257,BikePoints_287,"Bedford Way, Bloomsbury",51.523673,-0.128377
258,BikePoints_288,"Elizabeth Bridge, Victoria",51.492369,-0.147478
259,BikePoints_289,"South Audley Street, Mayfair",51.50923,-0.151289
260,BikePoints_290,"St Mary's Hospital, Paddington",51.518268,-0.171103
261,BikePoints_291,"Claverton Street, Pimlico",51.484839,-0.138089
262,BikePoints_292,"Montpelier Street, Knightsbridge",51.498884,-0.165471
263,BikePoints_293,"Kensington Olympia Station, Olympia",51.498157,-0.209494
264,BikePoints_294,"St. George's Square, Pimlico",51.488226,-0.135635
265,BikePoints_295,"Swan Street, The Borough",51.500296,-0.092762
266,BikePoints_296,"Knaresborough Place, Earl's Court",51.493631,-0.190603
267,BikePoints_297,"Geraldine Street, Elephant & Castle",51.496127,-0.106
268,BikePoints_298,"Curlew Street, Shad Thames",51.502279,-0.074189
269,BikePoints_299,"Vincent Square, Westminster",51.493985,-0.136928
270,BikePoints_300,"Serpentine Car Park, Hyde Park",51.505014,-0.17306
271,BikePoints_301,"Marylebone Lane, Marylebone",51.514759,-0.148105
272,BikePoints_302,"Putney Pier, Wandsworth",51.466907,-0.216573
273,BikePoints_303,"Albert Gate, Hyde Park",51.502953,-0.158456
274,BikePoints_306,"Rathbone Street, Fitzrovia",51.518162,-0.135025
275,BikePoints_307,"Black Lion Gate, Kensington Gardens",51.509908,-0.187842
276,BikePoints_308,"Long Lane , Bermondsey",51.499075,-0.085666
277,BikePoints_310,"Black Prince Road, Vauxhall",51.490867,-0.116911
278,BikePoints_311,"Foley Street, Fitzrovia",51.519181,-0.140485
279,BikePoints_312,"Grove End Road, St. John's Wood",51.530889,-0.17677
280,BikePoints_313,"Wells Street, Fitzrovia",51.517344,-0.138072
281,BikePoints_314,"Tyers Gate, Bermondsey",51.500889,-0.083159
282,BikePoints_315,"The Tennis Courts, The Regent's Park",51.525367,-0.153463
283,BikePoints_316,"Warwick Row, Westminster",51.497998,-0.14296
284,BikePoints_317,"Dickens Square, Borough",51.496791,-0.093913
285,BikePoints_318,"Sackville Street, Mayfair",51.510048,-0.138846
286,BikePoints_319,"Baldwin Street, St. Luke's",51.527025,-0.088542
287,BikePoints_320,"Queen Mother Sports Centre, Victoria",51.493573,-0.139956
288,BikePoints_321,"Bermondsey Street, Bermondsey",51.497855,-0.081608
289,BikePoints_322,"Palissy Street, Shoreditch",51.526293,-0.073955
290,BikePoints_323,"Clifton Street, Shoreditch",51.523196,-0.083067
291,BikePoints_324,"Ontario Street, Elephant & Castle",51.49652,-0.101384
292,BikePoints_325,"St. Martin's Street, West End",51.509087,-0.129697
293,BikePoints_326,"Graham Street, Angel",51.532661,-0.099981
294,BikePoints_327,"Westbourne Green, Westbourne",51.522168,-0.192814
295,BikePoints_328,"New North Road 2, Hoxton",51.53114,-0.086016
296,BikePoints_329,"Prince Albert Road, The Regent's Park",51.535892,-0.160854
297,BikePoints_330,"Eastbourne Mews, Paddington",51.516417,-0.179135
298,BikePoints_331,"Bunhill Row, Moorgate",51.520858,-0.089887
299,BikePoints_332,"Nevern Place, Earl's Court",51.493343,-0.194757
300,BikePoints_333,"Palace Gardens Terrace, Notting Hill",51.508605,-0.193764
301,BikePoints_335,"Tavistock Street, Covent Garden",51.511968,-0.120718
302,BikePoints_337,"Pembridge Villas, Notting Hill",51.511084,-0.197524
303,BikePoints_338,"Wellington Street , Strand",51.511756,-0.119643
304,BikePoints_339,"Risinghill Street, Angel",51.533319,-0.111781
305,BikePoints_340,"Bank of England Museum, Bank",51.514441,-0.087587
306,BikePoints_343,"London Zoo Car Park, The Regent's Park",51.536922,-0.150181
307,BikePoints_344,"Goswell Road (City Uni), Finsbury",51.528246,-0.101026
308,BikePoints_345,"Flood Street, Chelsea",51.488023,-0.166878
309,BikePoints_347,"Lower Marsh, Waterloo",51.500139,-0.113936
310,BikePoints_348,"Grosvenor Square, Mayfair",51.51217,-0.150481
311,BikePoints_349,"St. George Street, Mayfair",51.51196,-0.142783
312,BikePoints_350,"Queen's Gate, Kensington Gardens",51.501715,-0.179854
313,BikePoints_351,"Macclesfield Rd, St Lukes",51.529423,-0.097122
314,BikePoints_352,"Vauxhall Street, Vauxhall",51.486965,-0.116625
315,BikePoints_353,"Greycoat Street , Westminster",51.494591,-0.134234
316,BikePoints_355,"Clapham Common Station, Clapham Common",51.461388,-0.139221
317,BikePoints_356,"South Kensington Station, South Kensington",51.494412,-0.173881
318,BikePoints_357,"Howland Street, Fitzrovia",51.520994,-0.139016
319,BikePoints_358,"High Holborn , Covent Garden",51.516226,-0.124826
320,BikePoints_359,"Butler Place, Westminster",51.497829,-0.13544
321,BikePoints_360,"Howick Place, Westminster",51.496753,-0.138733
322,BikePoints_362,"Royal College Street, Camden Town",51.536264,-0.133952
323,BikePoints_363,"Lord's, St. John's Wood",51.529121,-0.171185
324,BikePoints_364,"Store Street, Bloomsbury",51.519572,-0.13214
325,BikePoints_365,"City Road, Angel",51.530344,-0.100168
326,BikePoints_366,"Millennium Hotel, Mayfair",51.510919,-0.151126
327,BikePoints_367,"Harrowby Street, Marylebone",51.517372,-0.164207
328,BikePoints_368,"Harriet Street, Knightsbridge",51.500241,-0.15934
329,BikePoints_370,"Paddington Green, Paddington",51.520205,-0.174593
330,BikePoints_371,"King Edward Walk, Waterloo",51.49775,-0.10988
331,BikePoints_372,"Sardinia Street, Holborn",51.515208,-0.117863
332,BikePoints_373,"Prince Consort Road, Knightsbridge",51.499806,-0.176415
333,BikePoints_375,"Kensington Town Hall, Kensington",51.501945,-0.194392
334,BikePoints_376,"Millbank Tower, Pimlico",51.491884,-0.125674
335,BikePoints_377,"Waterloo Bridge, South Bank",51.505354,-0.113656
336,BikePoints_378,"Natural History Museum, South Kensington",51.495592,-0.179077
337,BikePoints_379,"Turquoise Island, Notting Hill",51.514311,-0.200838
338,BikePoints_380,"Stanhope Gate, Mayfair",51.506864,-0.150666
339,BikePoints_381,"Charlotte Street, Fitzrovia",51.51953,-0.135777
340,BikePoints_382,"Farm Street, Mayfair",51.509351,-0.147449
341,BikePoints_383,"Frith Street, Soho",51.513103,-0.131213
342,BikePoints_384,"Marloes Road, Kensington",51.496481,-0.192404
343,BikePoints_386,"Moor Street, Soho",51.513527,-0.13011
344,BikePoints_388,"Southampton Street, Strand",51.510701,-0.121723
345,BikePoints_389,"Upper Grosvenor Street, Mayfair",51.51013,-0.155757
346,BikePoints_390,"Buxton Street 1, Shoreditch",51.521776,-0.068856
347,BikePoints_391,"Clifford Street, Mayfair",51.510662,-0.142345
348,BikePoints_392,"Imperial College, Knightsbridge",51.499428,-0.179702
349,BikePoints_393,"Snow Hill, Farringdon",51.517334,-0.103604
350,BikePoints_394,"Aberdeen Place, St. John's Wood",51.524826,-0.176268
351,BikePoints_395,"Cadogan Gardens, Chelsea",51.492462,-0.159919
352,BikePoints_396,"Shouldham Street, Marylebone",51.51809,-0.163609
353,BikePoints_397,"Devonshire Terrace, Bayswater",51.51348,-0.17977
354,BikePoints_398,"Holland Park, Kensington",51.502319,-0.200742
355,BikePoints_399,"Brick Lane Market, Shoreditch",51.522617,-0.071653
356,BikePoints_400,"George Street, Marylebone",51.517703,-0.154106
357,BikePoints_401,"Columbia Road, Shoreditch",51.528187,-0.075375
358,BikePoints_402,"Penfold Street, Marylebone",51.522892,-0.171681
359,BikePoints_403,"George Place Mews, Marylebone",51.516892,-0.158249
360,BikePoints_404,"Palace Gate, Kensington Gardens",51.502042,-0.1844
361,BikePoints_405,"Gloucester Road Station, South Kensington",51.494185,-0.18267
362,BikePoints_408,"Sun Street, Liverpool Street",51.520009,-0.083935
363,BikePoints_409,"Strata, Elephant & Castle",51.493146,-0.099828
364,BikePoints_410,"Edgware Road Station, Marylebone",51.519968,-0.169774
365,BikePoints_411,"Rotherhithe Roundabout, Rotherhithe",51.499169,-0.055846
366,BikePoints_412,"Cleaver Street, Kennington",51.488105,-0.110121
367,BikePoints_419,"Chelsea Bridge, Pimlico",51.485821,-0.149004
368,BikePoints_423,"Eaton Square (South), Belgravia",51.494561,-0.153933
369,BikePoints_424,"Ebury Bridge, Pimlico",51.490491,-0.149186
370,BikePoints_425,"Camley Street, Camden Town",51.53792,-0.130529
371,BikePoints_426,"Vincent Street, Pimlico",51.493072,-0.129925
372,BikePoints_427,"Cheapside, Bank",51.51397,-0.09294
373,BikePoints_428,"Exhibition Road, Knightsbridge",51.499917,-0.174554
374,BikePoints_430,"South Parade, Chelsea",51.48902,-0.17524
375,BikePoints_431,"Crinan Street, King's Cross",51.534474,-0.122203
376,BikePoints_432,"Exhibition Road Museums 1, South Kensington",51.496468,-0.173796
377,BikePoints_433,"Wren Street, Holborn",51.524564,-0.116279
378,BikePoints_435,"Kennington Station, Kennington",51.488852,-0.105593
379,BikePoints_436,"Red Lion Street, Holborn",51.51824,-0.11655
380,BikePoints_437,"Vauxhall Walk, Vauxhall",51.488124,-0.120903
381,BikePoints_439,"Killick Street, King's Cross",51.5338,-0.118677
382,BikePoints_440,"Kennington Oval, Oval",51.483145,-0.113134
383,BikePoints_441,"Sail Street, Vauxhall",51.495656,-0.114605
384,BikePoints_442,"Walmer Road, Avondale",51.510101,-0.211358
385,BikePoints_443,"Philpot Street, Whitechapel",51.515256,-0.058641
386,BikePoints_444,"Bethnal Green Garden, Bethnal Green",51.52568,-0.055312
387,BikePoints_445,"Cheshire Street, Bethnal Green",51.52388,-0.065076
388,BikePoints_446,"York Hall, Bethnal Green",51.528936,-0.055894
389,BikePoints_447,"Jubilee Crescent, Cubitt Town",51.493381,-0.007542
390,BikePoints_448,"Fisherman's Walk West, Canary Wharf",51.50623,-0.02296
391,BikePoints_449,"Shadwell Station, Shadwell",51.511088,-0.057159
392,BikePoints_450,"Jubilee Street, Stepney",51.515975,-0.053177
393,BikePoints_451,"Hermitage Court, Wapping",51.504719,-0.063531
394,BikePoints_452,"St. Katharine's Way, Tower",51.505697,-0.070542
395,BikePoints_453,"Garnet Street, Shadwell",51.508447,-0.055167
396,BikePoints_454,"Napier Avenue, Millwall",51.487679,-0.021582
397,BikePoints_455,"East Ferry Road, Cubitt Town",51.49447,-0.014409
398,BikePoints_456,"Albert Street, Camden Town",51.537706,-0.144801
399,BikePoints_457,"Castlehaven Road, Camden Town",51.542138,-0.145393
400,BikePoints_458,"Wapping Lane, Wapping",51.504749,-0.057544
401,BikePoints_459,"Gunmakers Lane, Old Ford",51.535179,-0.03338
402,BikePoints_460,"Burdett Road, Mile End",51.516196,-0.029138
403,BikePoints_461,"Aston Street, Stepney",51.516,-0.038775
404,BikePoints_462,"Bonny Street, Camden Town",51.541603,-0.138853
405,BikePoints_463,"Thurtle Road, Haggerston",51.534776,-0.071881
406,BikePoints_464,"St. Mary & St. Michael Church, Stepney",51.51417,-0.052099
407,BikePoints_465,"Pitfield Street North,Hoxton",51.53558,-0.08249
408,BikePoints_466,"Whiston Road, Haggerston",51.534464,-0.076341
409,BikePoints_467,"Southern Grove, Bow",51.523538,-0.030556
410,BikePoints_468,"Cantrell Road, Bow",51.521564,-0.022694
411,BikePoints_469,"Lindfield Street, Poplar",51.513757,-0.020467
412,BikePoints_470,"Mostyn Grove, Bow",51.530535,-0.025492
413,BikePoints_471,"Hewison Street, Old Ford",51.533283,-0.028155
414,BikePoints_472,"Malmesbury Road, Bow",51.529452,-0.027616
415,BikePoints_473,"Millharbour, Millwall",51.496137,-0.019355
416,BikePoints_474,"Gascoyne Road, Victoria Park",51.541515,-0.038557
417,BikePoints_475,"Lightermans Road, Millwall",51.499041,-0.020157
418,BikePoints_476,"Stebondale Street, Cubitt Town",51.489096,-0.009205
419,BikePoints_477,"Spindrift Avenue, Millwall",51.49109,-0.018716
420,BikePoints_478,"Stepney Green Station, Stepney",51.521889,-0.04667
421,BikePoints_479,"Pott Street, Bethnal Green",51.527152,-0.058005
422,BikePoints_480,"Flamborough Street, Limehouse",51.512871,-0.038986
423,BikePoints_481,"Saunders Ness Road, Cubitt Town",51.487129,-0.009001
424,BikePoints_482,"Exhibition Road Museums 2, South Kensington",51.495947,-0.173689
425,BikePoints_483,"Albert Gardens, Stepney",51.51328,-0.047784
426,BikePoints_484,"Bromley High Street, Bow",51.528828,-0.013258
427,BikePoints_485,"Old Ford Road, Bethnal Green",51.531127,-0.048017
428,BikePoints_486,"Granby Street, Shoreditch",51.525645,-0.069543
429,BikePoints_487,"Canton Street, Poplar",51.511811,-0.025626
430,BikePoints_488,"Reardon Street, Wapping",51.506946,-0.058681
431,BikePoints_489,"Christian Street, Whitechapel",51.513074,-0.064094
432,BikePoints_490,"Pennington Street, Wapping",51.508622,-0.065006
433,BikePoints_491,"Queen Mary's, Mile End",51.522507,-0.041378
434,BikePoints_492,"Maplin Street, Mile End",51.525501,-0.032267
435,BikePoints_494,"South Quay East, Canary Wharf",51.50196,-0.016251
436,BikePoints_495,"Bow Church Station, Bow",51.528169,-0.018703
437,BikePoints_496,"Devons Road, Bow",51.52512,-0.015578
438,BikePoints_497,"Merchant Street, Bow",51.526578,-0.027581
439,BikePoints_498,"Bow Road Station, Bow",51.527058,-0.025296
440,BikePoints_499,"Furze Green, Bow",51.519265,-0.021345
441,BikePoints_500,"Ansell House, Stepney",51.520019,-0.05438
442,BikePoints_501,"Cephas Street, Bethnal Green",51.522561,-0.054883
443,BikePoints_502,"Bonner Gate, Victoria Park",51.53341,-0.049591
444,BikePoints_503,"Cleveland Way, Stepney",51.520893,-0.051394
445,BikePoints_504,"St. John's Park, Cubitt Town",51.496454,-0.009506
446,BikePoints_505,"Ackroyd Drive, Bow",51.520398,-0.026768
447,BikePoints_506,"Bell Lane, Liverpool Street",51.517475,-0.075855
448,BikePoints_507,"Clarkson Street, Bethnal Green",51.528692,-0.059091
449,BikePoints_508,"Fournier Street, Whitechapel",51.519362,-0.074431
450,BikePoints_509,"Fore Street Avenue, Guildhall",51.517842,-0.090075
451,BikePoints_510,"Westferry DLR, Limehouse",51.509303,-0.025996
452,BikePoints_511,"Sutton Street, Shadwell",51.511066,-0.053558
453,BikePoints_512,"Pritchard's Road, Bethnal Green",51.532091,-0.06142
454,BikePoints_513,"Watney Market, Stepney",51.514222,-0.055656
455,BikePoints_514,"Portman Square, Marylebone",51.516204,-0.155525
456,BikePoints_515,"Russell Gardens, Olympia",51.500088,-0.211316
457,BikePoints_516,"Chrisp Street Market, Poplar",51.5112,-0.014438
458,BikePoints_517,"Ford Road, Old Ford",51.532513,-0.033085
459,BikePoints_518,"Antill Road, Mile End",51.528224,-0.037471
460,BikePoints_519,"Teviot Street, Poplar",51.518811,-0.011662
461,BikePoints_520,"Bancroft Road, Bethnal Green",51.526041,-0.047218
462,BikePoints_521,"Driffield Road, Old Ford",51.534137,-0.037366
463,BikePoints_522,"Clinton Road, Mile End",51.525941,-0.036017
464,BikePoints_523,"Langdon Park, Poplar",51.51549,-0.013475
465,BikePoints_524,"Lancaster Gate , Bayswater",51.511654,-0.179668
466,BikePoints_525,"Blythe Road, Olympia",51.496927,-0.2135
467,BikePoints_526,"Lancaster Drive, Blackwall",51.503143,-0.008428
468,BikePoints_527,"Hansard Mews, Holland Park",51.503802,-0.215808
469,BikePoints_528,"Clarges Street, Mayfair",51.507326,-0.145827
470,BikePoints_529,"Manresa Road, Chelsea",51.486892,-0.170983
471,BikePoints_530,"Newby Place, Poplar",51.508896,-0.012413
472,BikePoints_531,"Twig Folly Bridge, Mile End",51.530326,-0.042744
473,BikePoints_532,"Jubilee Plaza, Canary Wharf",51.5034,-0.020242
474,BikePoints_533,"Wellington Row, Bethnal Green",51.528222,-0.069743
475,BikePoints_534,"Goldsmith's Row, Haggerston",51.531864,-0.066035
476,BikePoints_535,"Gloucester Avenue, Camden Town",51.537349,-0.147154
477,BikePoints_536,"Queensbridge Road, Haggerston",51.53385,-0.06992
478,BikePoints_537,"Old Montague Street, Whitechapel",51.51793,-0.067937
479,BikePoints_538,"Naval Row, Blackwall",51.508981,-0.00699
480,BikePoints_539,"Hoxton Station, Hoxton",51.531091,-0.075901
481,BikePoints_540,"Albany Street, The Regent's Park",51.528302,-0.144466
482,BikePoints_541,"Green Park Station, Mayfair",51.506613,-0.142844
483,BikePoints_542,"Salmon Lane, Limehouse",51.514115,-0.033828
484,BikePoints_543,"Lansdowne Walk, Ladbroke Grove",51.509591,-0.204666
485,BikePoints_544,"Percival Street, Finsbury",51.526153,-0.102208
486,BikePoints_545,"Arlington Road, Camden Town",51.539957,-0.145246
487,BikePoints_546,"New Fetter Lane, Holborn",51.517428,-0.107987
488,BikePoints_547,"East India DLR, Blackwall",51.509474,-0.002275
489,BikePoints_548,"Westminster Bridge Road, Elephant & Castle",51.498386,-0.107913
490,BikePoints_549,"Gaywood  Street, Elephant & Castle",51.49605,-0.104193
491,BikePoints_550,"Harford Street, Mile End",51.521564,-0.039264
492,BikePoints_551,"Import Dock, Canary Wharf",51.505772,-0.01646
493,BikePoints_552,"Watney Street, Shadwell",51.511542,-0.056667
494,BikePoints_553,"Regent's Row , Haggerston",51.535678,-0.062546
495,BikePoints_554,"Aberfeldy Street, Poplar",51.513548,-0.005659
496,BikePoints_556,"Heron Quays DLR, Canary Wharf",51.502661,-0.021596
497,BikePoints_557,"King Edward Street, St Pauls",51.51601,-0.0985
498,BikePoints_558,"Page Street, Westminster",51.493978,-0.127554
499,BikePoints_559,"Abbotsbury Road, Holland Park",51.501391,-0.205991
500,BikePoints_560,"Ladbroke Grove Central, Ladbroke Grove",51.511624,-0.205921
501,BikePoints_561,"Rectory Square, Stepney",51.518369,-0.043371
502,BikePoints_562,"Bury Place, Holborn",51.51742,-0.123189
503,BikePoints_563,"Preston's Road, Cubitt Town",51.499286,-0.009152
504,BikePoints_565,"Selby Street, Whitechapel",51.521905,-0.063386
505,BikePoints_566,"Westfield Ariel Way, White City",51.509158,-0.224103
506,BikePoints_568,"Bishop's Bridge Road West, Bayswater",51.51616,-0.18697
507,BikePoints_569,"Pitfield Street Central, Hoxton",51.53213,-0.08299
508,BikePoints_570,"Upper Bank Street, Canary Wharf",51.503083,-0.017676
509,BikePoints_571,"Westfield Southern Terrace ,Shepherd's Bush",51.506256,-0.218337
510,BikePoints_572,"Greenland Road, Camden Town",51.539099,-0.141728
511,BikePoints_573,"Limerston Street, West Chelsea",51.485587,-0.18119
512,BikePoints_574,"Eagle Wharf Road, Hoxton",51.53356,-0.09315
513,BikePoints_576,"Alpha Grove, Millwall",51.497304,-0.022793
514,BikePoints_577,"Globe Town Market, Bethnal Green",51.528869,-0.047548
515,BikePoints_579,"Queen Street 2, Bank",51.511246,-0.093051
516,BikePoints_580,"Doddington Grove, Kennington",51.486929,-0.102996
517,BikePoints_581,"New Cavendish Street, Marylebone",51.519167,-0.147983
518,BikePoints_584,"Ilchester Gardens, Bayswater",51.51244,-0.19096
519,BikePoints_586,"Mudchute DLR, Cubitt Town",51.490645,-0.014582
520,BikePoints_587,"Monument Street, Monument",51.50964,-0.08497
521,BikePoints_588,"Hoxton Street, Hoxton",51.52959,-0.0801
522,BikePoints_589,"Drayton Gardens, West Chelsea",51.487196,-0.179369
523,BikePoints_590,"Greenberry Street, St.John's Wood",51.53256,-0.16862
524,BikePoints_591,"Westfield Library Corner, Shepherd's Bush",51.506093,-0.224223
525,BikePoints_592,"Bishop's Bridge Road East, Bayswater",51.5171,-0.18377
526,BikePoints_593,"Northdown Street, King's Cross",51.531066,-0.11934
527,BikePoints_594,"Kingsway Southbound, Strand",51.513875,-0.117774
528,BikePoints_595,"Hammersmith Road, Hammersmith",51.493267,-0.21985
529,BikePoints_596,"Parson's Green , Parson's Green",51.472817,-0.199783
530,BikePoints_597,"Fulham Park Road, Fulham",51.473471,-0.20782
531,BikePoints_598,"Southerton Road, Hammersmith",51.494499,-0.228188
532,BikePoints_599,"Manbre Road, Hammersmith",51.485743,-0.223616
533,BikePoints_600,"South Lambeth Road, Vauxhall",51.481747,-0.124642
534,BikePoints_601,"BBC White City, White City",51.514767,-0.225787
535,BikePoints_602,"Union Grove, Wandsworth Road",51.472993,-0.133972
536,BikePoints_603,"Caldwell Street, Stockwell",51.477839,-0.116493
537,BikePoints_604,"St Martins Close, Camden Town",51.538792,-0.138535
538,BikePoints_605,"Seymour Place, Marylebone",51.520331,-0.163667
539,BikePoints_606,"Addison Road, Holland Park",51.504199,-0.210941
540,BikePoints_607,"Putney Bridge Station, Fulham",51.468814,-0.210279
541,BikePoints_608,"Colet Gardens, Hammersmith",51.491093,-0.216493
542,BikePoints_609,"Sugden Road, Clapham",51.465123,-0.157788
543,BikePoints_610,"Danvers Street, West Chelsea",51.482567,-0.172078
544,BikePoints_611,"Princedale Road , Holland Park",51.506465,-0.208486
545,BikePoints_612,"Wandsworth Rd, Isley Court, Wandsworth Road",51.469259,-0.141812
546,BikePoints_613,"Woodstock Grove, Shepherd's Bush",51.504038,-0.2174
547,BikePoints_614,"London Fields, Hackney Central",51.54119,-0.058826
548,BikePoints_615,"Finlay Street, Fulham",51.476885,-0.215895
549,BikePoints_616,"Aintree Street, Fulham",51.481021,-0.209973
550,BikePoints_617,"Elysium Place, Fulham",51.471079,-0.207842
551,BikePoints_618,"Eel Brook Common, Walham Green",51.476259,-0.193254
552,BikePoints_619,"Irene Road, Parsons Green",51.473763,-0.19701
553,BikePoints_620,"Surrey Lane, Battersea",51.47518,-0.16716
554,BikePoints_621,"Wandsworth Town Station, Wandsworth",51.460864,-0.187427
555,BikePoints_622,"Lansdowne Road, Ladbroke Grove",51.507481,-0.205535
556,BikePoints_623,"Nantes Close, Wandsworth",51.46193,-0.180791
557,BikePoints_624,"Courland Grove, Wandsworth Road",51.472918,-0.132102
558,BikePoints_625,"Queen's Circus, Battersea Park",51.477619,-0.149551
559,BikePoints_626,"Normand Park, West Kensington",51.484386,-0.204815
560,BikePoints_627,"Holden Street, Battersea",51.46879,-0.15823
561,BikePoints_628,"William Morris Way, Sands End",51.468819,-0.184318
562,BikePoints_629,"Morie Street, Wandsworth",51.459953,-0.190184
563,BikePoints_630,"Clarence Walk, Stockwell",51.470732,-0.126994
564,BikePoints_631,"Battersea Park Road, Nine Elms",51.479501,-0.14177
565,BikePoints_632,"Sheepcote Lane, Battersea",51.470538,-0.163041
566,BikePoints_633,"Vereker Road, West Kensington",51.489591,-0.209378
567,BikePoints_634,"Brook Green South, Brook Green",51.494347,-0.215804
568,BikePoints_635,"Greyhound Road, Hammersmith",51.486062,-0.214428
569,BikePoints_636,"South Park, Sands End",51.467064,-0.193502
570,BikePoints_637,"Spencer Park, Wandsworth Common",51.45787,-0.174691
571,BikePoints_638,"Falcon Road, Clapham Junction",51.466633,-0.169821
572,BikePoints_640,"Silverthorne Road, Battersea",51.472865,-0.148059
573,BikePoints_641,"Archbishop's Park, Waterloo",51.498241,-0.117495
574,BikePoints_642,"Fawcett Close, Battersea",51.469161,-0.174485
575,BikePoints_643,"All Saints' Road, Portobello",51.519042,-0.204764
576,BikePoints_644,"Rainville Road, Hammersmith",51.483732,-0.223852
577,BikePoints_645,"Great Suffolk Street, The Borough",51.501732,-0.100292
578,BikePoints_646,"Buckingham Gate, Westminster",51.498865,-0.137424
579,BikePoints_647,"Richmond Way, Shepherd's Bush",51.500353,-0.217515
580,BikePoints_648,"Peterborough Road, Sands End",51.46904,-0.196274
581,BikePoints_649,"World's End Place, West Chelsea",51.481805,-0.180274
582,BikePoints_650,"St. Mark's Road, North Kensington",51.51687,-0.213872
583,BikePoints_651,"Thorndike Close, West Chelsea",51.480898,-0.183853
584,BikePoints_652,"Evesham Street, Avondale",51.511486,-0.21819
585,BikePoints_653,"Simpson Street, Clapham Junction",51.470847,-0.170703
586,BikePoints_654,"Ashmole Estate, Oval",51.482678,-0.117661
587,BikePoints_655,"Crabtree Lane, Fulham",51.482944,-0.219346
588,BikePoints_656,"Broomhouse Lane, Parsons Green",51.468418,-0.199135
589,BikePoints_657,"Blythe Road West, Shepherd's Bush",51.49968,-0.221791
590,BikePoints_658,"Ethelburga Estate, Battersea Park",51.477292,-0.164786
591,BikePoints_660,"West Kensington Station, West Kensington",51.49087,-0.206029
592,BikePoints_661,"All Saints Church, Portobello",51.51632,-0.202608
593,BikePoints_662,"Phene Street, Chelsea",51.484984,-0.167919
594,BikePoints_663,"Clarendon Road, Avondale",51.51323,-0.211593
595,BikePoints_664,"Austin Road, Battersea Park",51.474376,-0.155442
596,BikePoints_665,"Smugglers Way, Wandsworth",51.461083,-0.191722
597,BikePoints_666,"Harris Academy, Bermondsey",51.492668,-0.07235
598,BikePoints_667,"Shepherd's Bush Road North, Shepherd's Bush",51.501594,-0.222293
599,BikePoints_668,"Ravenscourt Park Station, Hammersmith",51.494223,-0.236769
600,BikePoints_669,"Teversham Lane, Stockwell",51.476149,-0.123258
601,BikePoints_670,"Ashley Crescent, Battersea",51.467185,-0.152248
602,BikePoints_671,"Parsons Green Station, Parsons Green",51.475089,-0.201968
603,BikePoints_673,"Hibbert Street, Battersea",51.46517,-0.180389
604,BikePoints_674,"Carnegie Street, King's Cross",51.535467,-0.116191
605,BikePoints_675,"Usk Road, Clapham Junction",51.463489,-0.182126
606,BikePoints_676,"Hartington Road, Stockwell",51.47787,-0.126874
607,BikePoints_677,"Heath Road, Battersea",51.468669,-0.146544
608,BikePoints_678,"Esmond Street, Putney",51.462312,-0.211468
609,BikePoints_679,"Orbel Street, Battersea",51.474535,-0.17021
610,BikePoints_680,"Westbridge Road, Battersea",51.477684,-0.170329
611,BikePoints_681,"Bishop's Avenue, Fulham",51.473036,-0.214749
612,BikePoints_682,"Crisp Road, Hammersmith",51.488108,-0.226606
613,BikePoints_683,"Dorothy Road, Clapham Junction",51.465064,-0.16375
614,BikePoints_684,"Neville Gill Close, Wandsworth",51.454752,-0.195197
615,BikePoints_685,"Osiers Road, Wandsworth",51.46067,-0.198735
616,BikePoints_686,"Beryl Road, Hammersmith",51.488144,-0.222456
617,BikePoints_687,"Clements Road, Bermondsey",51.4954,-0.061698
618,BikePoints_688,"Northfields, Wandsworth",51.460951,-0.200667
619,BikePoints_689,"Spanish Road, Clapham Junction",51.459225,-0.180884
620,BikePoints_690,"Stanley Grove, Battersea",51.470475,-0.15213
621,BikePoints_691,"Erin Close, Walham Green",51.479463,-0.195777
622,BikePoints_692,"Cadogan Close, Victoria Park",51.542118,-0.028941
623,BikePoints_693,"Felsham Road, Putney",51.464786,-0.215618
624,BikePoints_694,"Putney Rail Station, Putney",51.460717,-0.216526
625,BikePoints_695,"Islington Green, Angel",51.536384,-0.102757
626,BikePoints_696,"Charing Cross Hospital, Hammersmith",51.487285,-0.217995
627,BikePoints_697,"Charlotte Terrace, Angel",51.536392,-0.112721
628,BikePoints_698,"Shoreditch Court, Haggerston",51.539083,-0.070329
629,BikePoints_699,"Belford House, Haggerston",51.536654,-0.07023
630,BikePoints_700,"Battersea Church Road, Battersea",51.476964,-0.174347
631,BikePoints_701,"Vicarage Crescent, Battersea",51.472876,-0.176267
632,BikePoints_702,"Durant Street, Bethnal Green",51.528681,-0.06555
633,BikePoints_703,"St. Bride Street, Holborn",51.515059,-0.105344
634,BikePoints_704,"Mexfield Road, East Putney",51.45682,-0.202802
635,BikePoints_705,"Upper Richmond Road, Putney",51.459715,-0.212145
636,BikePoints_706,"Snowsfields, London Bridge",51.502153,-0.083632
637,BikePoints_707,"Barons Court Station, West Kensington",51.490217,-0.215087
638,BikePoints_708,"Disraeli Road, Putney",51.46161,-0.216145
639,BikePoints_709,"Montserrat Road , Putney",51.463211,-0.21555
640,BikePoints_710,"Albert Bridge Road, Battersea Park",51.474392,-0.163347
641,BikePoints_711,"Everington Street, Fulham",51.483356,-0.216305
642,BikePoints_712,"Mile End Stadium, Mile End",51.518541,-0.034903
643,BikePoints_713,"Hawley Crescent, Camden Town",51.541007,-0.14326
644,BikePoints_714,"Stewart's Road, Wandsworth Road",51.473116,-0.137235
645,BikePoints_715,"Aylward Street, Stepney",51.51563,-0.049067
646,BikePoints_716,"Stainsby Road , Poplar",51.515427,-0.023565
647,BikePoints_717,"Dunston Road , Haggerston",51.536585,-0.075885
648,BikePoints_718,"Ada Street, Hackney Central",51.535716,-0.060291
649,BikePoints_719,"Victoria Park Road, Hackney Central",51.536424,-0.054162
650,BikePoints_720,"Star Road, West Kensington",51.487244,-0.205279
651,BikePoints_721,"Wendon Street, Old Ford",51.536039,-0.026262
652,BikePoints_722,"Finnis Street, Bethnal Green",51.524583,-0.058631
653,BikePoints_723,"Stephendale Road, Sands End",51.46822,-0.190346
654,BikePoints_724,"Alma Road, Wandsworth",51.457991,-0.184806
655,BikePoints_725,"Walworth Square, Walworth",51.491327,-0.096518
656,BikePoints_726,"Alfreda Street, Battersea Park",51.47505,-0.150908
657,BikePoints_727,"Chesilton Road, Fulham",51.475698,-0.205876
658,BikePoints_728,"Putney Bridge Road, East Putney",51.461999,-0.20624
659,BikePoints_729,"St. Peter's Terrace, Fulham",51.478939,-0.208485
660,BikePoints_730,"Bridge Avenue, Hammersmith",51.492084,-0.229116
661,BikePoints_731,"Michael Road, Walham Green",51.477276,-0.18921
662,BikePoints_732,"Duke Street Hill, London Bridge",51.506304,-0.087262
663,BikePoints_733,"Park Lane, Mayfair",51.505426,-0.150817
664,BikePoints_734,"Plough Terrace, Clapham Junction",51.462305,-0.175407
665,BikePoints_735,"Grant Road East, Clapham Junction",51.464894,-0.173029
666,BikePoints_736,"Queensdale Road, Shepherd's Bush",51.50659,-0.216104
667,BikePoints_737,"Fulham Broadway, Walham Green",51.479932,-0.194116
668,BikePoints_738,"Imperial Road, Sands End",51.475142,-0.187278
669,BikePoints_739,"Hortensia Road, West Brompton",51.481765,-0.185273
670,BikePoints_740,"Sirdar Road, Avondale",51.510928,-0.214594
671,BikePoints_741,"Freston Road, Avondale",51.512981,-0.219486
672,BikePoints_742,"Blenheim Crescent, Ladbroke Grove",51.515108,-0.208565
673,BikePoints_743,"Oxford Road, Putney",51.460792,-0.212607
674,BikePoints_744,"Ingrave Street, Clapham Junction",51.467454,-0.172293
675,BikePoints_745,"Upcerne Road, West Chelsea",51.478169,-0.182435
676,BikePoints_746,"Lots Road, West Chelsea",51.479573,-0.179038
677,BikePoints_747,"Ormonde Gate, Chelsea",51.487964,-0.161765
678,BikePoints_748,"Hertford Road, De Beauvoir Town",51.537277,-0.079201
679,BikePoints_749,"Haggerston Road, Haggerston",51.539328,-0.074284
680,BikePoints_750,"Culvert Road, Battersea",51.471095,-0.15785
681,BikePoints_751,"Newton Street, Covent Garden",51.516128,-0.120909
682,BikePoints_752,"London Street, Paddington",51.515117,-0.173712
683,BikePoints_753,"Clapham South, Clapham South",51.452997,-0.148651
684,BikePoints_754,"Grenfell Road, Avondale",51.5129,-0.214762
685,BikePoints_755,"The Vale, Chelsea",51.485121,-0.174971
686,BikePoints_756,"Prince of Wales Drive, Battersea Park",51.475153,-0.159169
687,BikePoints_757,"Harcourt Terrace, West Brompton",51.487958,-0.187404
688,BikePoints_758,"Westbourne Park Road, Portobello",51.51787,-0.201005
689,BikePoints_759,"Broadley Terrace, Marylebone",51.524561,-0.165668
690,BikePoints_760,"Elgin Avenue, Maida Hill",51.524309,-0.201234
691,BikePoints_761,"Humbolt Road, Fulham",51.483217,-0.21186
692,BikePoints_763,"Mile End Park Leisure Centre, Mile End",51.520597,-0.032566
693,BikePoints_764,"St. John's Road, Clapham Junction",51.462392,-0.168292
694,BikePoints_765,"Ranelagh Gardens, Fulham",51.467601,-0.206827
695,BikePoints_766,"Ram Street, Wandsworth",51.457529,-0.192165
696,BikePoints_767,"Santos Road, Wandsworth",51.457059,-0.200806
697,BikePoints_768,"Clapham Common North Side, Clapham Common",51.461343,-0.159322
698,BikePoints_769,"Sandilands Road, Walham Green",51.473611,-0.191803
699,BikePoints_770,"Gwendwr Road, West Kensington",51.491026,-0.209121
700,BikePoints_771,"Rifle Place, Avondale",51.509224,-0.216016
701,BikePoints_772,"Binfield Road, Stockwell",51.472509,-0.122831
702,BikePoints_773,"Tallis Street, Temple",51.511891,-0.107349
703,BikePoints_774,"Hurlingham Park, Parsons Green",51.470131,-0.20464
704,BikePoints_775,"Little Brook Green, Brook Green",51.496664,-0.223868
705,BikePoints_779,"Houndsditch, Aldgate",51.514449,-0.077178
706,BikePoints_780,"Imperial Wharf Station, Sands End",51.474665,-0.183165
707,BikePoints_781,"Victoria & Albert Museum, South Kensington",51.495898,-0.173009
708,BikePoints_782,"Halford Road, West Kensington",51.483911,-0.197609
709,BikePoints_783,"Monier Road, Hackney Wick",51.540311,-0.02163
710,BikePoints_784,"East Village, Queen Elizabeth Olympic Park",51.546326,-0.009935
711,BikePoints_786,"Lee Valley VeloPark, Queen Elizabeth Olympic Park",51.549369,-0.015717
712,BikePoints_787,"Timber Lodge, Queen Elizabeth Olympic Park",51.546805,-0.014691
713,BikePoints_788,"Copper Box Arena, Queen Elizabeth Olympic Park",51.544909,-0.020542
714,BikePoints_789,"Podium, Queen Elizabeth Olympic Park",51.538718,-0.011889
715,BikePoints_790,"Stratford Station, Stratford",51.541793,-0.00481
716,BikePoints_793,"Cromer Street, Bloomsbury",51.528279,-0.119558
717,BikePoints_794,"Victoria Rise, Clapham Common",51.461376,-0.147804
718,BikePoints_795,"Euston Square Gardens, Euston",51.527068,-0.131861
719,BikePoints_796,"Coram Street, Bloomsbury",51.524,-0.126409
720,BikePoints_797,"Ossulston Street, Somers Town",51.5293,-0.128279
721,BikePoints_798,"Birkenhead Street, King's Cross",51.530199,-0.122299
722,BikePoints_799,"Kings Gate House, Westminster",51.497698,-0.137598
723,BikePoints_800,"Sopwith Way, Battersea Park",51.481121,-0.149035
724,BikePoints_801,"Lavington Street, Bankside",51.505224,-0.098031
725,BikePoints_802,"Albert Square, Stockwell",51.47659,-0.118256
726,BikePoints_803,"Southwark Street, Bankside",51.505409,-0.098341
727,BikePoints_804,"Good's Way, King's Cross",51.534667,-0.125078
728,BikePoints_805,"The Metropolitan, Portobello",51.520509,-0.200804
729,BikePoints_806,"Handyside Street, King's Cross",51.53724,-0.124807
730,BikePoints_807,"Bevington Road West, North Kensington",51.5212,-0.208888
731,BikePoints_808,"Gauden Road, Clapham",51.464995,-0.130908
732,BikePoints_809,"Lincoln's Inn Fields, Holborn",51.516277,-0.118272
733,BikePoints_810,"Tate Modern, Bankside",51.506725,-0.098807
734,BikePoints_811,"Westferry Circus, Canary Wharf",51.505703,-0.027772
735,BikePoints_812,"Here East North, Queen Elizabeth Olympic Park",51.548731,-0.022606
736,BikePoints_813,"New Spring Gardens Walk, Vauxhall",51.487807,-0.122759
737,BikePoints_814,"Clapham Road, Lingham Street, Stockwell",51.471433,-0.12367
738,BikePoints_816,"Here East South, Queen Elizabeth Olympic Park",51.546532,-0.020597
739,BikePoints_817,"Riverlight South, Nine Elms",51.481335,-0.138212
740,BikePoints_820,"Victory Place, Walworth",51.492807,-0.091938
741,BikePoints_821,"Battersea Power Station, Battersea Park",51.483507,-0.147714
742,BikePoints_826,"Allington Street, Victoria",51.496863,-0.142943
743,BikePoints_827,"Cranmer Road, Stockwell",51.479601,-0.111471
744,BikePoints_828,"Normandy Road, Stockwell",51.473874,-0.11258
745,BikePoints_829,"Wynne Road, Stockwell",51.469217,-0.112686
746,BikePoints_830,"Sidney Road, Stockwell",51.469202,-0.119022
747,BikePoints_831,"St John's Crescent, Brixton",51.466232,-0.113179
748,BikePoints_832,"Ferndale Road, Brixton",51.464019,-0.115781
749,BikePoints_833,"Saltoun Road, Brixton",51.460232,-0.115375
750,BikePoints_834,"Gas Holders, Battersea Park",51.477966,-0.147857
751,BikePoints_835,"Farringdon Street, Holborn",51.516785,-0.104947
752,BikePoints_836,"York Way, Kings Cross",51.541596,-0.125441
753,BikePoints_838,"Fore Street, Guildhall",51.518093,-0.091401
754,BikePoints_839,"Sea Containers, South Bank",51.508033,-0.106823
755,BikePoints_840,"George Row, Bermondsey",51.498585,-0.068981
756,BikePoints_841,"Tower Wharf, Bermondsey",51.500845,-0.074704
757,BikePoints_844,"Canada Water Station, Rotherhithe",51.498439,-0.04915
758,BikePoints_845,"Bermondsey Station, Bermondsey",51.497995,-0.063471
759,BikePoints_846,"Burgess Park Albany Road, Walworth",51.48224,-0.094284
760,BikePoints_847,"South Bermondsey Station, Bermondsey",51.488067,-0.057774
761,BikePoints_849,"Crimscott Street, Bermondsey",51.495598,-0.078893
762,BikePoints_851,"The Blue, Bermondsey",51.492221,-0.062513
763,BikePoints_852,"Coomer Place, West Kensington",51.48357,-0.202038
764,BikePoints_865,"Leonard Circus , Shoreditch",51.524696,-0.084439
765,BikePoints_866,"Limburg Road, Clapham Junction",51.461923,-0.165297
766,BikePoints_88,"Percy Street, Bloomsbury",51.51863,-0.132676
767,BikePoints_75,"Torrens Street, Angel",51.532199,-0.10548
768,BikePoints_71,"Newgate Street , St. Paul's",51.515768,-0.099894
769,BikePoints_341,"Craven Street, Strand",51.508103,-0.126021
770,BikePoints_361,"Waterloo Station 2, Waterloo",51.503919,-0.113426
771,BikePoints_374,"Waterloo Station 1, Waterloo",51.504027,-0.113864
772,BikePoints_154,"Waterloo Station 3, Waterloo",51.503791,-0.112824
773,BikePoints_583,"Abingdon Green, Westminster",51.49764,-0.125972
774,BikePoints_659,"Blackfriars Station, St. Paul's",51.511934,-0.103078
775,BikePoints_273,"Belvedere Road 1, South Bank",51.506133,-0.114686
776,BikePoints_819,"Belvedere Road 2, South Bank",51.50621,-0.114842
777,BikePoints_421,"Southwark Station 2, Southwark",51.504044,-0.104778
778,BikePoints_79,"Arundel Street, Temple",51.511726,-0.113855
779,BikePoints_762,"Storey's Gate, Westminster",51.500703,-0.129698
780,BikePoints_815,"Lambeth Palace Road, Waterloo",51.500089,-0.116628
781,BikePoints_195,"Milroy Walk, South Bank",51.507244,-0.106237
782,BikePoints_173,"Waterloo Road, South Bank",51.50486,-0.113001
783,BikePoints_387,"Fire Brigade Pier, Vauxhall",51.493699,-0.121394
784,BikePoints_792,"Blackfriars Road, Southwark",51.505461,-0.10454
785,BikePoints_864,"Abbey Orchard Street, Westminster",51.498125,-0.132102
786,BikePoints_672,"Chicheley Street, South Bank",51.502698,-0.116747
787,BikePoints_842,"Temple Gardens, Temple",51.510981,-0.108322
788,BikePoints_818,"Westminster Pier, Westminster",51.501513,-0.123823
789,BikePoints_229,"Whitehall Place, Strand",51.506543,-0.123179
790,BikePoints_197,"Stamford Street, South Bank",51.505569,-0.111606
791,BikePoints_272,"Baylis Road, Waterloo",51.501444,-0.110699
792,BikePoints_354,"Northumberland Avenue, Strand",51.506767,-0.123702
793,BikePoints_309,"Embankment (Savoy), Strand",51.509631,-0.119047
794,BikePoints_857,"Strand, Strand",51.512582,-0.115057
795,BikePoints_564,"Somerset House, Strand",51.509943,-0.117619
